<?xml version="1.0" encoding="UTF-8"?>
<project-private xmlns="http://www.netbeans.org/ns/project-private/1">
    <editor-bookmarks xmlns="http://www.netbeans.org/ns/editor-bookmarks/2" lastBookmarkId="0"/>
    <open-files xmlns="http://www.netbeans.org/ns/projectui-open-files/2">
        <group>
            <file>file:/home/wat/Dropbox/MPLABXProjects/pi32mm_ILI9163_SPI_4pin.X/main.c</file>
            <file>file:/home/wat/Dropbox/MPLABXProjects/pi32mm_ILI9163_SPI_4pin.X/ili9163.c</file>
            <file>file:/home/wat/Dropbox/MPLABXProjects/pi32mm_ILI9163_SPI_4pin.X/mcc_generated_files/spi1.h</file>
            <file>file:/home/wat/Dropbox/MPLABXProjects/pi32mm_ILI9163_SPI_4pin.X/ili9163.h</file>
            <file>file:/home/wat/Dropbox/MPLABXProjects/pi32mm_ILI9163_SPI_4pin.X/mcc_generated_files/spi1.c</file>
        </group>
    </open-files>
</project-private>
